{"loc": [{"px": 960.6016665116144, "py": 1828.0456243285055}]}