{"loc": [{"teta": 89, "sen": 0.9998476951563913, "cos": 0.0174524064372836, "py": 0, "px": 0}]}