{"loc": [{"py": -1.8369701987210297e-16, "cos": -58.25881904510252, "teta": 270, "px": -1.0, "sen": -0.965925826289079}]}