{"loc": [{"sen": 0.7071067811865475, "teta": 45.0, "py": 60.0, "cos": 0.7071067811865476, "px": 60.0}]}