{"loc": [{"px": 0.0, "sen": -0.7071067811865477, "teta": 315.0, "py": 0.0, "cos": 0.7071067811865474}]}