{"loc": [{"sen": 0.9998476951563913, "cos": 0.0174524064372836, "px": 1350, "teta": -181, "py": 1350}]}