{"loc": [{"sen": 0.9998476951563913, "px": 500, "cos": 0.0174524064372836, "py": 2500, "teta": -1}]}