{"loc": [{"py": 6.0, "cos": -0.9743911956946198, "sen": 0.2248595066987585, "teta": 167.0053832080835, "px": -8.0}]}