{"loc": [{"py": 100, "cos": 0.010308730552839568, "teta": 270.5906572146467, "px": 180, "sen": -0.9999468636254574}]}